{"TRAIN LOSS": 0.05801726358109399, "_timestamp": 1720457787.6683676, "_runtime": 15.701550722122192, "_step": 0, "_wandb": {"runtime": 18}}