{"TRAIN LOSS": 0.011175952965795535, "_timestamp": 1720228290.4411194, "_runtime": 35.29610753059387, "_step": 6, "VALIDATION LOSS MSE": 0.03231327572690421, "VALIDATION LOSS MAE": 0.14768570053734278, "VALIDATION LOSS HUBER": 0.016156637863452106}