{"TRAIN LOSS": 0.00010152850405449562, "_timestamp": 1720458788.2046428, "_runtime": 929.7889757156372, "_step": 359, "VALIDATION LOSS MSE": 0.00027176057240770507, "VALIDATION LOSS MAE": 0.013174332988758882, "VALIDATION LOSS HUBER": 0.00013588028620385254, "_wandb": {"runtime": 929}}