{"epoch": 1, "loss": 0.005357787503893077, "_timestamp": 1718776390.6273963, "_runtime": 130.94631123542786, "_step": 1, "_wandb": {"runtime": 150}}