{"TRAIN LOSS": 0.04142982074777589, "_timestamp": 1719073598.895403, "_runtime": 21.629390954971313, "_step": 0, "_wandb": {"runtime": 20}}