{"TRAIN LOSS": 0.0377474900574421, "_timestamp": 1719075410.717031, "_runtime": 27.48578691482544, "_step": 0}