{"TRAIN LOSS": 0.00037459178266456555, "_timestamp": 1718777713.5155103, "_runtime": 663.3025343418121, "_step": 9, "VALIDATION LOSS MSE": 0.001218030022099874, "VALIDATION LOSS MAE": 0.027723848814318, "VALIDATION LOSS HUBER": 0.000609015011049937, "_wandb": {"runtime": 714}}