{"TRAIN LOSS": 0.03291819384677037, "_timestamp": 1719071979.056738, "_runtime": 26.393837928771973, "_step": 0, "_wandb": {"runtime": 24}}