{"TRAIN LOSS": 0.04065335084833489, "_timestamp": 1719075751.1957893, "_runtime": 26.671131372451782, "_step": 0}