{"TRAIN LOSS": 0.00015596730421453368, "_timestamp": 1719079980.0368447, "_runtime": 1804.797857761383, "_step": 109, "VALIDATION LOSS MSE": 0.0007433169118576453, "VALIDATION LOSS MAE": 0.018464726213160036, "VALIDATION LOSS HUBER": 0.00037165845592882266, "_wandb": {"runtime": 1804}}