{"TRAIN LOSS": 0.03515391078310765, "_timestamp": 1719076080.674272, "_runtime": 26.29819107055664, "_step": 0}