{"TRAIN LOSS": 0.000600400318583635, "_timestamp": 1719029968.4804404, "_runtime": 4596.058547496796, "_step": 101, "VALIDATION LOSS MSE": 0.0004531799781520825, "VALIDATION LOSS MAE": 0.016019590923205276, "VALIDATION LOSS HUBER": 0.00022658998907604125, "_wandb": {"runtime": 4647}}