{"TRAIN LOSS": 0.030377680718965128, "_timestamp": 1719073342.4753895, "_runtime": 26.942190408706665, "_step": 0}