{"TRAIN LOSS": 0.04925656748886129, "_timestamp": 1720106837.2956414, "_runtime": 17.559105396270752, "_step": 1, "_wandb": {"runtime": 15}}