{"TRAIN LOSS": 0.0006271949205256533, "_timestamp": 1720028700.194678, "_runtime": 167.4755289554596, "_step": 69, "VALIDATION LOSS MSE": 0.0006919037950865459, "VALIDATION LOSS MAE": 0.02133947185686101, "VALIDATION LOSS HUBER": 0.00034595189754327293, "_wandb": {"runtime": 166}}