{"TRAIN LOSS": 0.037936985845803156, "_timestamp": 1719072377.177988, "_runtime": 25.926061153411865, "_step": 0, "_wandb": {"runtime": 186}}