{"TRAIN LOSS": 0.03615802767598864, "_timestamp": 1719076215.1930354, "_runtime": 28.186237335205078, "_step": 0}