{"TRAIN LOSS": 0.06338407404159438, "_timestamp": 1720224676.751961, "_runtime": 23.768105030059814, "_step": 3}