{"TRAIN LOSS": 0.0002148747260602106, "_timestamp": 1719076711.0034418, "_runtime": 63.08031392097473, "_step": 2, "VALIDATION LOSS MSE": 0.0011038427054340582, "VALIDATION LOSS MAE": 0.03073147747416569, "VALIDATION LOSS HUBER": 0.0005519213527170291}