{"TRAIN LOSS": 0.0001618422419146274, "_timestamp": 1719077258.9587991, "_runtime": 319.1694040298462, "_step": 23, "VALIDATION LOSS MSE": 0.001058904457854465, "VALIDATION LOSS MAE": 0.02505903167928959, "VALIDATION LOSS HUBER": 0.0005294522289272324, "_wandb": {"runtime": 318}}