{"TRAIN LOSS": 0.0001203240689219126, "_timestamp": 1719078014.4310565, "_runtime": 599.8696465492249, "_step": 38, "VALIDATION LOSS MSE": 0.0010477403894149806, "VALIDATION LOSS MAE": 0.024911990767577663, "VALIDATION LOSS HUBER": 0.0005238701947074903, "_wandb": {"runtime": 599}}