{"TRAIN LOSS": 0.024337274509865205, "_timestamp": 1718776940.1000693, "_runtime": 75.21149134635925, "_step": 1, "VALIDATION LOSS MSE": 0.008810127137748654, "VALIDATION LOSS MAE": 0.07420493584386138, "VALIDATION LOSS HUBER": 0.004405063568874327, "_wandb": {"runtime": 131}}