{"TRAIN LOSS": 0.00017574342234551822, "_timestamp": 1719039321.6668403, "_runtime": 1629.5172274112701, "_step": 101, "VALIDATION LOSS MSE": 0.0007956301521786838, "VALIDATION LOSS MAE": 0.019680841035361208, "VALIDATION LOSS HUBER": 0.0003978150760893419, "_wandb": {"runtime": 1628}}