{"TRAIN LOSS": 0.03500155423016645, "_timestamp": 1719072081.6281056, "_runtime": 25.923184633255005, "_step": 0}