{"TRAIN LOSS": 0.001959884580393354, "_timestamp": 1720459735.5253885, "_runtime": 937.4576134681702, "_step": 215, "VALIDATION LOSS MSE": 0.007829168733830253, "VALIDATION LOSS MAE": 0.08409228548407555, "VALIDATION LOSS HUBER": 0.003914584366915126, "_wandb": {"runtime": 936}}