{"TRAIN LOSS": 0.00021666627343488437, "_timestamp": 1719032320.762702, "_runtime": 2219.508884906769, "_step": 89, "VALIDATION LOSS MSE": 0.0008702157300101748, "VALIDATION LOSS MAE": 0.021282844145262485, "VALIDATION LOSS HUBER": 0.0004351078650050874, "_wandb": {"runtime": 2218}}