{"TRAIN LOSS": 0.00027596257533171937, "_timestamp": 1719037507.9225216, "_runtime": 4351.504646539688, "_step": 73, "VALIDATION LOSS MSE": 0.0003767359612380079, "VALIDATION LOSS MAE": 0.015082376409419488, "VALIDATION LOSS HUBER": 0.00018836798061900396, "_wandb": {"runtime": 4418}}