{"TRAIN LOSS": 0.037287034973521115, "_timestamp": 1719076508.311626, "_runtime": 26.198215007781982, "_step": 0}