{"TRAIN LOSS": 0.03497489826853266, "_timestamp": 1719075159.8429992, "_runtime": 22.70691728591919, "_step": 0, "_wandb": {"runtime": 22}}