{"TRAIN LOSS": 0.02399764170835101, "_timestamp": 1720233075.6096282, "_runtime": 44.75226926803589, "_step": 9, "VALIDATION LOSS MSE": 0.06689383194928891, "VALIDATION LOSS MAE": 0.20836990836419558, "VALIDATION LOSS HUBER": 0.033446915974644456}