{"TRAIN LOSS": 0.0023245292839606125, "_timestamp": 1718776771.471256, "_runtime": 202.2959179878235, "_step": 3, "VALIDATION LOSS MSE": 0.008807733927062864, "VALIDATION LOSS MAE": 0.07503756226668525, "VALIDATION LOSS HUBER": 0.004403866963531432, "_wandb": {"runtime": 226}}