{"TRAIN LOSS": 0.039309880400014895, "_timestamp": 1719072272.4158797, "_runtime": 28.237711668014526, "_step": 0}